<application>
  <component name="FileTypeManager" version="17">
    <extensionMap>
      <mapping pattern="VerifyUserEmailRequest" type="JSON" />
      <mapping pattern=".tmp" type="PLAIN_TEXT" />
      <mapping pattern="fk-spark-bucket" type="PLAIN_TEXT" />
      <mapping pattern="prerm" type="PLAIN_TEXT" />
      <mapping pattern="hbase_config" type="PLAIN_TEXT" />
      <mapping pattern="make-fk-pf-spark-deb" type="PLAIN_TEXT" />
      <mapping pattern="u_compressed" type="PLAIN_TEXT" />
      <mapping pattern="alertCron" type="PLAIN_TEXT" />
      <mapping ext="model" type="PLAIN_TEXT" />
      <mapping ext="orc" type="PLAIN_TEXT" />
      <mapping ext="ftl" type="PLAIN_TEXT" />
      <mapping ext="deb" type="PLAIN_TEXT" />
      <mapping pattern="update_db_v4_20181003" type="SQL" />
      <mapping ext="fnc" type="DBN-PSQL" />
      <mapping ext="pkb" type="DBN-PSQL" />
      <mapping ext="pkg" type="DBN-PSQL" />
      <mapping ext="pks" type="DBN-PSQL" />
      <mapping ext="prc" type="DBN-PSQL" />
      <mapping ext="tpb" type="DBN-PSQL" />
      <mapping ext="tpe" type="DBN-PSQL" />
      <mapping ext="tps" type="DBN-PSQL" />
      <mapping ext="trg" type="DBN-PSQL" />
      <mapping ext="vw" type="DBN-SQL" />
    </extensionMap>
  </component>
</application>