<application>
  <component name="ProjectManager">
    <defaultProject>
      <component name="GradleLocalSettings">
        <option name="projectSyncType">
          <map>
            <entry key="$USER_HOME$/crio/sparsh-bansal-qride-repo" value="PREVIEW" />
            <entry key="$USER_HOME$/kafka" value="PREVIEW" />
          </map>
        </option>
      </component>
      <component name="ProjectViewState">
        <option name="showLibraryContents" value="true" />
      </component>
      <component name="PropertiesComponent">
        <property name="settings.editor.selected.configurable" value="terminal" />
      </component>
      <component name="RunManager">
        <configuration default="true" type="Application" factoryName="Application">
          <option name="WORKING_DIRECTORY" value="$PROJECT_DIR$" />
          <method v="2">
            <option name="Make" enabled="true" />
          </method>
        </configuration>
        <configuration default="true" type="JUnit" factoryName="JUnit">
          <option name="WORKING_DIRECTORY" value="%MODULE_WORKING_DIR%" />
          <method v="2">
            <option name="Make" enabled="true" />
          </method>
        </configuration>
        <configuration default="true" type="TestNG" factoryName="TestNG">
          <option name="WORKING_DIRECTORY" value="%MODULE_WORKING_DIR%" />
          <properties />
          <listeners />
          <method v="2">
            <option name="Make" enabled="true" />
          </method>
        </configuration>
      </component>
      <component name="SbtLocalSettings">
        <option name="projectSyncType">
          <map>
            <entry key="$USER_HOME$/connekt" value="PREVIEW" />
            <entry key="$USER_HOME$/spark" value="PREVIEW" />
          </map>
        </option>
      </component>
      <component name="ScalaSbtSettings">
        <option name="customVMEnabled" value="true" />
        <option name="customVMPath" value="/Library/Java/JavaVirtualMachines/jdk1.8.0_172.jdk/Contents/Home" />
      </component>
      <component name="masterDetails">
        <states>
          <state key="ProjectJDKs.UI">
            <settings>
              <last-edited>1.8</last-edited>
              <splitter-proportions>
                <option name="proportions">
                  <list>
                    <option value="0.2" />
                  </list>
                </option>
              </splitter-proportions>
            </settings>
          </state>
        </states>
      </component>
    </defaultProject>
  </component>
</application>